984,4,mpu9250,0.159 0.383 0.203
1026,4,mpu9250,2.257 4.807 1.917
1066,4,mpu9250,4.703 9.066 3.450
1106,4,mpu9250,6.273 12.202 4.350
1146,4,mpu9250,8.916 14.809 4.008
1186,4,mpu9250,13.467 17.620 4.800
1226,4,mpu9250,18.367 20.069 8.679
1266,4,mpu9250,23.004 21.487 13.307
1306,4,mpu9250,27.871 23.567 16.034
1346,4,mpu9250,32.615 26.626 19.795
1386,4,mpu9250,37.243 29.483 25.135
1426,4,mpu9250,41.588 29.596 29.243
1466,4,mpu9250,44.222 30.103 29.789
1506,4,mpu9250,45.407 31.344 28.692
1546,4,mpu9250,46.975 29.933 29.696
1586,4,mpu9250,48.971 25.674 31.934
1626,4,mpu9250,50.300 21.395 33.284
1666,4,mpu9250,51.971 20.194 35.195
1706,4,mpu9250,53.244 18.624 38.031
1746,4,mpu9250,54.214 20.391 38.945
1786,4,mpu9250,54.537 25.032 40.345
1826,4,mpu9250,55.698 26.765 45.568
1866,4,mpu9250,57.472 26.418 52.305
1906,4,mpu9250,58.766 23.930 58.552
1946,4,mpu9250,59.587 25.056 61.914
1986,4,mpu9250,59.002 27.232 63.465
2026,4,mpu9250,55.672 25.014 60.289
2066,4,mpu9250,52.989 23.584 58.894
2106,4,mpu9250,50.231 24.541 56.785
2146,4,mpu9250,48.474 18.292 56.916
2186,4,mpu9250,47.423 15.304 56.775
2226,4,mpu9250,47.446 20.663 56.688
2266,4,mpu9250,48.337 19.776 59.190
2306,4,mpu9250,49.295 17.083 61.719
2346,4,mpu9250,50.692 15.992 62.025
2386,4,mpu9250,51.211 14.021 60.340
2426,4,mpu9250,50.889 10.567 58.920
2466,4,mpu9250,50.356 11.180 55.545
2506,4,mpu9250,49.883 9.915 55.033
2546,4,mpu9250,49.932 8.080 53.190
2586,4,mpu9250,49.692 11.371 48.636
2626,4,mpu9250,49.584 13.213 46.754
2666,4,mpu9250,49.030 17.219 45.043
2706,4,mpu9250,48.552 21.952 43.469
2746,4,mpu9250,49.067 27.206 44.756
2786,4,mpu9250,50.393 29.707 50.060
2826,4,mpu9250,52.055 32.297 55.567
2866,4,mpu9250,53.504 29.785 61.337
2906,4,mpu9250,53.818 31.007 64.557
2946,4,mpu9250,52.193 31.547 64.682
2986,4,mpu9250,49.566 30.210 67.276
3026,4,mpu9250,48.179 27.708 71.759
3066,4,mpu9250,45.281 24.812 74.174
3106,4,mpu9250,41.542 23.455 76.966
3146,4,mpu9250,39.769 22.271 80.217
3186,4,mpu9250,37.343 21.959 81.587
3226,4,mpu9250,33.642 22.021 81.790
3266,4,mpu9250,30.632 23.880 82.260
3306,4,mpu9250,28.121 22.723 83.534
3346,4,mpu9250,27.227 23.379 85.964
3386,4,mpu9250,26.144 21.488 87.146
3426,4,mpu9250,25.642 19.037 86.533
3466,4,mpu9250,23.711 17.925 82.842
3506,4,mpu9250,21.776 13.960 79.959
3546,4,mpu9250,20.497 11.639 76.668
3586,4,mpu9250,19.799 11.390 75.214
3626,4,mpu9250,19.787 11.734 78.003
3666,4,mpu9250,19.594 12.429 80.957
3706,4,mpu9250,19.152 14.044 81.716
3746,4,mpu9250,18.515 12.773 82.299
3786,4,mpu9250,17.772 10.802 82.816
3826,4,mpu9250,17.590 10.541 82.012
3866,4,mpu9250,17.583 10.386 82.145
3906,4,mpu9250,17.751 10.351 84.105
3946,4,mpu9250,17.840 11.588 84.449
3986,4,mpu9250,17.395 11.980 83.881
4026,4,mpu9250,16.964 10.894 83.659
4066,4,mpu9250,16.723 10.292 83.131
4106,4,mpu9250,16.683 11.284 81.895
4146,4,mpu9250,16.256 11.785 82.210
4186,4,mpu9250,16.415 11.557 83.641
4226,4,mpu9250,16.721 11.995 83.544
4266,4,mpu9250,16.668 11.885 82.588
4306,4,mpu9250,16.484 11.756 81.284
4346,4,mpu9250,16.645 11.677 81.801
4386,4,mpu9250,16.450 12.955 82.287
4426,4,mpu9250,16.456 12.362 81.799
4466,4,mpu9250,16.438 12.190 81.321
4506,4,mpu9250,16.590 12.546 80.345
4546,4,mpu9250,16.394 11.295 80.053
4586,4,mpu9250,16.705 10.470 79.576
4626,4,mpu9250,17.501 10.724 79.932
4666,4,mpu9250,18.216 11.110 80.617
4706,4,mpu9250,18.784 11.979 80.224
4746,4,mpu9250,19.634 13.671 79.113
4786,4,mpu9250,20.367 14.146 80.337
4826,4,mpu9250,20.890 13.360 81.922
4866,4,mpu9250,21.191 12.793 81.836
4906,4,mpu9250,21.192 12.662 80.899
4946,4,mpu9250,21.202 12.781 81.452
4986,4,mpu9250,20.902 12.774 81.489
5026,4,mpu9250,20.580 13.001 79.867
5066,4,mpu9250,20.552 13.242 79.438
5106,4,mpu9250,20.371 13.233 80.387
5146,4,mpu9250,20.188 14.015 80.342
5186,4,mpu9250,19.735 14.166 80.260
5226,4,mpu9250,19.260 13.681 79.743
5266,4,mpu9250,18.973 13.922 78.388
5306,4,mpu9250,18.963 14.419 77.925
5346,4,mpu9250,19.005 14.897 78.117
5386,4,mpu9250,19.140 14.616 78.492
5426,4,mpu9250,19.149 14.278 78.738
5466,4,mpu9250,19.009 14.880 78.951
5506,4,mpu9250,19.171 15.177 78.859
5546,4,mpu9250,19.496 15.337 79.175
5586,4,mpu9250,19.790 15.145 79.316
5626,4,mpu9250,20.111 15.071 79.464
5666,4,mpu9250,19.922 15.726 78.972
5706,4,mpu9250,19.906 15.303 79.292
5746,4,mpu9250,19.834 15.492 78.984
5786,4,mpu9250,19.496 15.054 77.406
5826,4,mpu9250,19.323 14.218 76.437
5866,4,mpu9250,19.489 14.287 76.522
5906,4,mpu9250,19.876 14.607 76.677
5946,4,mpu9250,20.208 14.143 78.082
5986,4,mpu9250,20.477 14.145 78.154
6026,4,mpu9250,20.156 13.902 77.555
6066,4,mpu9250,19.958 14.426 76.557
6106,4,mpu9250,19.753 13.010 77.986
6146,4,mpu9250,19.646 12.849 79.462
6186,4,mpu9250,19.082 13.032 79.194
6226,4,mpu9250,18.297 13.305 78.285
6266,4,mpu9250,17.422 14.338 78.045
6306,4,mpu9250,16.685 13.965 78.401
6346,4,mpu9250,16.229 13.499 79.573
6386,4,mpu9250,15.806 13.115 80.256
6426,4,mpu9250,15.276 12.824 79.802
6466,4,mpu9250,14.803 12.458 80.869
6506,4,mpu9250,14.340 12.554 81.988
6546,4,mpu9250,13.895 12.368 81.936
6586,4,mpu9250,13.636 12.918 80.772
6626,4,mpu9250,12.984 12.508 80.849
6666,4,mpu9250,12.958 12.787 81.111
6706,4,mpu9250,12.825 12.862 82.195
6746,4,mpu9250,12.687 13.157 82.523
6786,4,mpu9250,12.517 11.999 82.981
6826,4,mpu9250,12.521 10.226 82.959
6866,4,mpu9250,12.744 9.470 82.712
6906,4,mpu9250,13.139 9.876 82.571
6946,4,mpu9250,13.691 10.246 83.134
6986,4,mpu9250,13.759 10.675 83.746
7026,4,mpu9250,13.742 9.889 83.918
7066,4,mpu9250,13.589 9.234 83.771
7106,4,mpu9250,13.551 9.149 83.891
7146,4,mpu9250,13.629 9.408 84.247
7186,4,mpu9250,13.911 10.089 84.778
7226,4,mpu9250,13.627 9.851 85.631
7266,4,mpu9250,13.502 9.083 86.066
7306,4,mpu9250,13.630 8.961 86.019
7346,4,mpu9250,13.632 8.645 86.901
7386,4,mpu9250,13.719 9.093 87.490
7426,4,mpu9250,13.727 9.841 89.037
7466,4,mpu9250,13.739 10.449 91.223
7506,4,mpu9250,13.761 10.848 93.194
7546,4,mpu9250,14.550 11.338 95.405
7586,4,mpu9250,14.870 12.660 98.868
7626,4,mpu9250,14.413 13.430 102.631
7666,4,mpu9250,14.508 13.708 106.069
7706,4,mpu9250,15.110 13.988 110.823
7746,4,mpu9250,14.835 14.199 116.032
7786,4,mpu9250,15.455 12.996 119.222
7826,4,mpu9250,15.643 14.010 123.072
7866,4,mpu9250,14.764 15.320 129.000
7906,4,mpu9250,14.420 15.918 134.868
7946,4,mpu9250,13.893 16.378 138.434
7986,4,mpu9250,12.390 17.360 141.801
8026,4,mpu9250,10.942 17.915 143.868
8066,4,mpu9250,10.035 18.328 145.446
8106,4,mpu9250,9.142 18.402 146.683
8146,4,mpu9250,8.431 18.525 147.060
8186,4,mpu9250,8.033 18.452 146.347
8226,4,mpu9250,7.484 18.462 144.820
8266,4,mpu9250,6.919 17.594 142.619
8306,4,mpu9250,6.804 16.784 141.192
8346,4,mpu9250,7.046 16.504 141.487
8386,4,mpu9250,7.263 16.279 141.856
8426,4,mpu9250,7.448 16.160 142.516
8466,4,mpu9250,7.485 16.126 142.830
8506,4,mpu9250,7.554 15.814 142.627
8546,4,mpu9250,7.358 15.431 142.903
8586,4,mpu9250,7.325 15.090 144.147
8626,4,mpu9250,7.560 14.379 145.503
8666,4,mpu9250,8.348 12.975 146.912
8706,4,mpu9250,10.060 12.036 150.236
8746,4,mpu9250,11.216 12.259 153.280
8786,4,mpu9250,12.039 11.488 154.359
8826,4,mpu9250,12.302 11.688 155.088
8866,4,mpu9250,12.246 11.367 156.196
8906,4,mpu9250,12.543 10.500 157.570
8946,4,mpu9250,13.103 10.052 158.715
8986,4,mpu9250,13.755 9.325 159.195
9026,4,mpu9250,14.453 8.873 160.813
9066,4,mpu9250,15.099 8.753 162.191
9106,4,mpu9250,15.698 8.876 162.352
9146,4,mpu9250,16.183 8.955 163.268
9186,4,mpu9250,16.462 9.505 164.119
9226,4,mpu9250,16.722 9.618 163.739
9266,4,mpu9250,17.018 9.354 163.144
9306,4,mpu9250,17.525 9.275 163.560
9346,4,mpu9250,18.039 9.212 163.428
9386,4,mpu9250,18.646 9.458 163.681
9426,4,mpu9250,18.922 9.876 164.195
9466,4,mpu9250,19.506 9.946 164.158
9506,4,mpu9250,20.069 9.924 164.553
9546,4,mpu9250,20.515 9.741 165.358
9586,4,mpu9250,21.050 9.661 165.734
9626,4,mpu9250,21.462 9.452 165.892
9666,4,mpu9250,21.872 9.325 166.577
9706,4,mpu9250,22.270 9.359 167.522
9746,4,mpu9250,22.487 9.271 167.390
9786,4,mpu9250,22.816 9.156 167.454
9826,4,mpu9250,23.053 9.074 167.387
9866,4,mpu9250,23.363 9.041 167.458
9906,4,mpu9250,23.639 8.976 167.672
9946,4,mpu9250,23.946 8.739 168.044
9986,4,mpu9250,24.266 8.545 168.459
10026,4,mpu9250,24.506 8.415 168.496
10066,4,mpu9250,24.586 8.509 168.718
10106,4,mpu9250,24.580 8.712 169.054
10146,4,mpu9250,24.397 8.597 168.654
10186,4,mpu9250,24.443 8.548 168.392
10226,4,mpu9250,24.568 8.703 168.514
10266,4,mpu9250,24.674 8.729 168.541
10306,4,mpu9250,24.624 8.549 168.279
10346,4,mpu9250,24.643 8.351 167.909
10386,4,mpu9250,24.703 8.306 167.856
10426,4,mpu9250,24.674 8.236 167.842
10466,4,mpu9250,24.610 8.325 167.629
10506,4,mpu9250,24.694 8.444 167.726
10546,4,mpu9250,24.671 8.434 167.582
10586,4,mpu9250,24.662 8.581 167.546
10626,4,mpu9250,24.785 8.495 167.562
10666,4,mpu9250,24.940 8.303 167.372
10706,4,mpu9250,25.080 7.883 167.238
10746,4,mpu9250,25.336 7.797 167.538
10786,4,mpu9250,25.607 7.925 167.529
10826,4,mpu9250,25.718 8.123 167.466
10866,4,mpu9250,25.833 8.052 167.696
10906,4,mpu9250,25.918 8.081 167.471
10946,4,mpu9250,26.017 7.906 167.269
10986,4,mpu9250,26.112 7.940 167.222
11026,4,mpu9250,26.161 8.069 167.342
11066,4,mpu9250,26.138 8.051 166.840
11106,4,mpu9250,25.970 8.037 166.568
11146,4,mpu9250,25.772 7.870 166.311
11186,4,mpu9250,25.585 7.738 165.765
11226,4,mpu9250,25.595 7.670 165.441
11266,4,mpu9250,25.620 7.724 165.388
11306,4,mpu9250,25.613 7.819 165.054
11346,4,mpu9250,25.775 8.203 164.028
11386,4,mpu9250,26.005 7.902 158.785
11426,4,mpu9250,26.098 6.215 152.477
11466,4,mpu9250,26.034 5.449 148.079
11506,4,mpu9250,27.138 4.573 141.193
11546,4,mpu9250,28.623 4.284 134.795
11586,4,mpu9250,29.512 4.037 128.763
11626,4,mpu9250,29.853 3.999 124.591
11666,4,mpu9250,30.153 4.317 121.795
11706,4,mpu9250,29.659 4.012 118.693
11746,4,mpu9250,28.960 4.676 117.311
11786,4,mpu9250,28.429 5.420 114.169
11826,4,mpu9250,27.766 5.629 109.485
11866,4,mpu9250,26.916 5.424 104.173
11906,4,mpu9250,25.718 4.510 100.422
11946,4,mpu9250,25.665 5.190 100.240
11986,4,mpu9250,25.918 5.881 100.209
12026,4,mpu9250,25.594 6.284 99.143
12066,4,mpu9250,25.037 6.236 97.625
12106,4,mpu9250,24.440 6.138 96.494
12146,4,mpu9250,22.921 5.951 95.559
12186,4,mpu9250,21.485 5.074 94.776
12226,4,mpu9250,20.872 3.808 93.509
12266,4,mpu9250,20.228 3.913 92.349
12306,4,mpu9250,19.661 3.057 90.774
12346,4,mpu9250,19.159 2.083 89.535
12386,4,mpu9250,18.974 1.859 89.228
12426,4,mpu9250,19.035 1.804 88.883
12466,4,mpu9250,19.160 2.711 88.004
12506,4,mpu9250,18.823 4.062 86.448
12546,4,mpu9250,18.155 4.880 83.886
12586,4,mpu9250,16.921 4.081 82.303
12626,4,mpu9250,17.074 2.188 83.135
12666,4,mpu9250,18.170 0.639 83.872
12706,4,mpu9250,19.219 1.593 85.552
12746,4,mpu9250,19.726 3.467 88.170
12786,4,mpu9250,19.596 4.538 88.842
12826,4,mpu9250,19.540 5.542 86.766
12866,4,mpu9250,19.551 6.611 83.351
12906,4,mpu9250,20.396 7.965 81.113
12946,4,mpu9250,20.891 7.540 79.349
12986,4,mpu9250,21.328 5.155 79.191
13026,4,mpu9250,22.348 1.264 79.831
13066,4,mpu9250,23.579 1.751 80.246
13106,4,mpu9250,24.177 2.804 81.235
13146,4,mpu9250,24.557 2.424 81.722
13186,4,mpu9250,25.805 0.906 82.083
13226,4,mpu9250,27.386 2.737 81.605
13266,4,mpu9250,27.397 3.950 80.191
13306,4,mpu9250,26.013 2.950 81.011
13346,4,mpu9250,25.565 2.584 82.788
13386,4,mpu9250,24.881 1.899 84.066
13426,4,mpu9250,24.060 5.999 83.725
13466,4,mpu9250,23.223 6.004 82.296
13506,4,mpu9250,22.569 5.505 81.469
13546,4,mpu9250,21.623 5.785 82.121
13586,4,mpu9250,21.066 7.226 83.112
13626,4,mpu9250,20.789 8.682 84.083
13666,4,mpu9250,20.706 9.306 84.274
13706,4,mpu9250,20.338 9.092 84.621
13746,4,mpu9250,20.041 9.122 85.311
13786,4,mpu9250,20.007 8.583 85.723
13826,4,mpu9250,20.237 7.618 85.643
13866,4,mpu9250,20.545 7.593 84.971
13906,4,mpu9250,20.339 7.123 84.492
13946,4,mpu9250,20.021 6.935 84.973
13986,4,mpu9250,19.837 6.360 85.419
14026,4,mpu9250,19.681 5.885 85.599
14066,4,mpu9250,19.842 5.504 86.171
14106,4,mpu9250,20.054 5.659 86.247
14146,4,mpu9250,20.329 5.082 86.289
14186,4,mpu9250,20.200 5.752 86.658
14226,4,mpu9250,20.209 5.829 87.195
14266,4,mpu9250,20.600 4.823 86.954
14306,4,mpu9250,20.978 2.006 86.438
14346,4,mpu9250,21.143 0.167 86.552
14386,4,mpu9250,21.568 0.814 87.161
14426,4,mpu9250,21.283 -0.744 87.085
14466,4,mpu9250,21.249 -1.450 89.400
14506,4,mpu9250,21.225 -2.898 89.594
14546,4,mpu9250,21.080 -4.077 88.928
14586,4,mpu9250,21.411 -4.512 88.091
14626,4,mpu9250,21.099 -6.901 87.859
14666,4,mpu9250,19.796 -8.875 89.502
14706,4,mpu9250,18.491 -11.258 92.849
14746,4,mpu9250,16.964 -13.743 95.395
14786,4,mpu9250,16.364 -15.190 97.233
14826,4,mpu9250,16.056 -16.724 97.782
14866,4,mpu9250,15.797 -17.131 96.563
14906,4,mpu9250,15.452 -19.317 94.717
14946,4,mpu9250,15.019 -22.283 93.003
14986,4,mpu9250,14.951 -23.441 93.335
15026,4,mpu9250,14.070 -24.726 94.470
15066,4,mpu9250,12.520 -27.017 93.461
15106,4,mpu9250,11.228 -30.949 92.044
15146,4,mpu9250,10.271 -33.040 92.204
15186,4,mpu9250,9.034 -33.433 93.653
15226,4,mpu9250,7.765 -33.450 95.029
15266,4,mpu9250,7.571 -34.040 94.529
15306,4,mpu9250,7.646 -34.491 93.975
15346,4,mpu9250,7.445 -34.608 94.606
15386,4,mpu9250,7.329 -34.762 94.825
15426,4,mpu9250,7.621 -35.000 94.339
15466,4,mpu9250,8.142 -35.211 93.488
15506,4,mpu9250,8.397 -35.067 93.616
15546,4,mpu9250,8.297 -34.988 94.009
15586,4,mpu9250,8.232 -35.557 94.268
15626,4,mpu9250,8.141 -35.660 94.400
15666,4,mpu9250,8.199 -35.836 94.374
15706,4,mpu9250,8.418 -35.783 94.402
15746,4,mpu9250,8.448 -35.631 94.532
15786,4,mpu9250,8.727 -35.903 94.233
15826,4,mpu9250,8.699 -35.989 94.581
15866,4,mpu9250,8.562 -36.159 94.547
15906,4,mpu9250,8.812 -36.275 94.339
15946,4,mpu9250,8.892 -36.447 94.375
15986,4,mpu9250,8.722 -36.676 94.552
16026,4,mpu9250,8.756 -36.923 94.607
16066,4,mpu9250,8.796 -37.041 94.960
16106,4,mpu9250,8.217 -36.834 95.698
16146,4,mpu9250,8.912 -36.161 94.039
16186,4,mpu9250,10.090 -35.517 92.282
16226,4,mpu9250,10.972 -34.362 92.019
16266,4,mpu9250,11.386 -32.591 91.475
16306,4,mpu9250,12.263 -30.521 88.869
16346,4,mpu9250,13.786 -28.397 85.432
16386,4,mpu9250,14.942 -25.058 82.149
16426,4,mpu9250,15.509 -20.963 79.965
16466,4,mpu9250,14.729 -17.280 79.804
16506,4,mpu9250,14.073 -13.224 80.127
16546,4,mpu9250,13.676 -8.377 80.170
16586,4,mpu9250,13.743 -5.629 78.690
16626,4,mpu9250,13.341 -4.231 75.924
16666,4,mpu9250,12.410 -3.234 72.587
16706,4,mpu9250,11.772 -1.434 71.296
16746,4,mpu9250,12.024 1.234 69.293
16786,4,mpu9250,11.829 3.915 65.157
16826,4,mpu9250,11.544 5.520 61.727
16866,4,mpu9250,12.239 6.728 55.794
16906,4,mpu9250,12.905 6.803 48.911
16946,4,mpu9250,15.256 7.660 39.551
16986,4,mpu9250,16.695 8.909 33.503
17026,4,mpu9250,18.203 11.626 29.003
17066,4,mpu9250,21.616 14.396 23.993
17106,4,mpu9250,26.360 15.008 16.533
17146,4,mpu9250,30.989 12.833 10.984
17186,4,mpu9250,34.776 11.035 11.961
17226,4,mpu9250,37.479 10.054 14.453
17266,4,mpu9250,39.938 7.154 16.675
17306,4,mpu9250,41.656 4.610 18.652
17346,4,mpu9250,43.191 5.161 17.299
17386,4,mpu9250,43.872 3.411 15.888
17426,4,mpu9250,43.607 2.181 18.376
17466,4,mpu9250,43.635 3.714 19.848
17506,4,mpu9250,43.792 4.144 19.040
17546,4,mpu9250,42.453 4.885 18.693
17586,4,mpu9250,42.068 2.323 15.630
17626,4,mpu9250,42.339 3.142 12.782
17666,4,mpu9250,42.790 3.642 10.644
17706,4,mpu9250,42.408 4.505 10.272
17746,4,mpu9250,43.540 5.093 12.521
17786,4,mpu9250,44.641 4.971 11.408
17826,4,mpu9250,46.023 3.753 8.786
17866,4,mpu9250,47.172 2.864 10.565
17906,4,mpu9250,47.568 3.692 11.986
17946,4,mpu9250,46.953 5.501 10.255
17986,4,mpu9250,46.756 5.164 9.925
18026,4,mpu9250,47.168 5.737 9.646
18066,4,mpu9250,47.119 4.280 8.643
18106,4,mpu9250,46.390 4.808 6.660
18146,4,mpu9250,46.064 5.211 8.464
18186,4,mpu9250,46.084 5.380 9.651
18226,4,mpu9250,44.409 5.134 8.397
18266,4,mpu9250,45.218 4.290 9.080
18306,4,mpu9250,45.892 4.380 10.081
18346,4,mpu9250,46.463 6.427 10.689
18386,4,mpu9250,45.710 5.663 11.168
18426,4,mpu9250,43.902 4.838 10.306
18466,4,mpu9250,43.533 4.451 8.813
18506,4,mpu9250,43.530 3.403 10.415
18546,4,mpu9250,44.671 4.706 11.175
18586,4,mpu9250,44.322 4.103 11.657
18626,4,mpu9250,43.726 4.029 9.438
18666,4,mpu9250,44.309 5.268 8.655
18706,4,mpu9250,43.470 3.325 9.833
18746,4,mpu9250,43.690 3.655 10.995
18786,4,mpu9250,42.853 2.564 9.762
18826,4,mpu9250,42.324 3.058 9.409
18866,4,mpu9250,42.226 2.567 8.174
18906,4,mpu9250,42.553 2.661 6.462
18946,4,mpu9250,41.993 2.750 3.497
18986,4,mpu9250,42.072 3.100 3.779
19026,4,mpu9250,42.082 1.882 5.625
19066,4,mpu9250,42.848 1.693 4.566
19106,4,mpu9250,42.461 1.341 5.021
19146,4,mpu9250,42.691 0.781 7.963
19186,4,mpu9250,42.700 0.970 6.628
19226,4,mpu9250,41.954 0.838 5.833
19266,4,mpu9250,42.571 1.412 7.687
19306,4,mpu9250,43.519 2.314 8.659
19346,4,mpu9250,42.031 0.726 7.934
19386,4,mpu9250,42.067 0.724 7.428
19426,4,mpu9250,41.053 0.596 9.027
19466,4,mpu9250,41.376 0.669 8.451
19506,4,mpu9250,41.459 0.796 7.755
19546,4,mpu9250,40.832 0.612 8.726
19586,4,mpu9250,39.996 1.422 8.319
19626,4,mpu9250,40.202 1.279 8.567
19666,4,mpu9250,39.335 0.977 8.774
19706,4,mpu9250,38.828 0.004 9.607
19746,4,mpu9250,38.875 0.625 8.883
19786,4,mpu9250,39.188 0.467 7.782
19826,4,mpu9250,39.561 0.216 8.309
19866,4,mpu9250,40.551 1.160 6.088
19906,4,mpu9250,40.885 0.658 6.159
19946,4,mpu9250,40.636 0.893 8.393
19986,4,mpu9250,41.317 1.193 7.686
20026,4,mpu9250,42.645 1.355 6.366
20066,4,mpu9250,41.739 0.552 5.815
20106,4,mpu9250,42.611 1.695 4.760
20146,4,mpu9250,42.643 1.167 4.919
20186,4,mpu9250,43.636 1.629 4.257
20226,4,mpu9250,44.637 1.756 3.218
20266,4,mpu9250,45.437 2.227 2.496
20306,4,mpu9250,46.654 3.012 1.627
20346,4,mpu9250,47.082 2.464 3.137
20386,4,mpu9250,47.344 2.769 3.375
20426,4,mpu9250,47.568 1.432 3.220
20466,4,mpu9250,47.970 1.290 2.200
20506,4,mpu9250,47.094 1.413 1.543
20546,4,mpu9250,46.601 1.757 2.096
20586,4,mpu9250,47.245 2.332 2.855
20626,4,mpu9250,47.337 2.334 2.506
20666,4,mpu9250,46.922 1.932 1.572
20706,4,mpu9250,46.988 1.023 2.624
20746,4,mpu9250,47.722 1.659 2.690
20786,4,mpu9250,48.152 1.901 3.385
20826,4,mpu9250,47.970 2.315 2.262
20866,4,mpu9250,47.631 1.592 2.026
20906,4,mpu9250,47.561 1.702 1.177
20946,4,mpu9250,48.229 1.999 1.229
20986,4,mpu9250,49.260 2.166 1.360
21026,4,mpu9250,49.912 1.969 2.259
21066,4,mpu9250,50.008 1.482 1.751
21106,4,mpu9250,50.318 1.025 1.398
21146,4,mpu9250,49.914 0.912 1.361
21186,4,mpu9250,49.981 1.292 2.351
21226,4,mpu9250,49.694 0.540 3.034
21266,4,mpu9250,49.430 1.627 1.650
21306,4,mpu9250,49.104 1.862 1.809
21346,4,mpu9250,48.828 1.276 2.561
21386,4,mpu9250,48.191 1.396 2.177
21426,4,mpu9250,48.069 2.327 4.123
21466,4,mpu9250,48.167 2.475 4.535
21506,4,mpu9250,47.760 0.961 3.810
21546,4,mpu9250,48.003 1.965 2.440
21586,4,mpu9250,48.256 1.971 2.660
21626,4,mpu9250,47.975 2.619 4.036
21666,4,mpu9250,48.518 3.748 4.284
21706,4,mpu9250,47.802 3.209 4.946
21746,4,mpu9250,48.133 2.727 4.449
21786,4,mpu9250,47.582 2.277 3.271
21826,4,mpu9250,47.342 1.862 3.924
21866,4,mpu9250,46.813 2.017 4.460
21906,4,mpu9250,47.396 2.046 3.853
21946,4,mpu9250,47.220 1.846 3.532
21986,4,mpu9250,46.584 1.313 3.224
22026,4,mpu9250,47.813 2.075 3.795
22066,4,mpu9250,48.049 2.289 2.550
22106,4,mpu9250,48.077 1.697 3.018
22146,4,mpu9250,48.703 1.826 3.481
22186,4,mpu9250,49.174 1.218 2.028
22226,4,mpu9250,48.927 1.767 1.993
22266,4,mpu9250,48.714 1.499 2.446
22306,4,mpu9250,48.748 1.141 1.523
22346,4,mpu9250,48.294 1.194 1.177
22386,4,mpu9250,48.828 1.718 0.917
22426,4,mpu9250,49.020 1.972 0.976
22466,4,mpu9250,49.174 1.371 1.128
22506,4,mpu9250,49.711 1.230 0.552
22546,4,mpu9250,50.132 1.635 0.512
22586,4,mpu9250,49.985 1.528 0.854
22626,4,mpu9250,50.560 1.751 -0.390
22666,4,mpu9250,50.624 1.293 -0.773
22706,4,mpu9250,50.607 1.401 -0.191
22746,4,mpu9250,50.722 1.676 -0.282
22786,4,mpu9250,50.821 1.073 -0.465
22826,4,mpu9250,50.445 1.069 0.009
22866,4,mpu9250,50.545 1.746 -0.108
22906,4,mpu9250,50.954 1.362 -0.354
22946,4,mpu9250,50.995 0.742 0.449
22986,4,mpu9250,50.419 0.793 0.892
23026,4,mpu9250,49.670 1.844 2.361
23066,4,mpu9250,48.700 3.695 3.729
23106,4,mpu9250,47.394 2.631 3.029
23146,4,mpu9250,46.410 1.005 -1.018
23186,4,mpu9250,44.870 -0.670 -2.411
23226,4,mpu9250,44.667 -1.404 -0.403
23266,4,mpu9250,44.007 -1.410 -1.045
23306,4,mpu9250,44.037 -1.054 0.059
23346,4,mpu9250,43.348 -1.433 2.187
23386,4,mpu9250,42.340 -0.229 1.237
23426,4,mpu9250,41.873 -0.618 -0.327
23466,4,mpu9250,40.443 -0.710 -1.541
23506,4,mpu9250,40.088 -0.444 -0.473
23546,4,mpu9250,40.287 -0.967 -0.159
23586,4,mpu9250,39.982 -0.550 -1.430
23626,4,mpu9250,40.080 1.251 0.789
23666,4,mpu9250,41.262 2.303 2.568
23706,4,mpu9250,41.645 1.761 4.271
23746,4,mpu9250,41.172 0.664 3.864
23786,4,mpu9250,41.103 0.451 2.442
23826,4,mpu9250,40.554 0.461 2.856
23866,4,mpu9250,40.448 1.389 5.707
23906,4,mpu9250,40.995 1.351 6.926
23946,4,mpu9250,40.661 1.685 5.335
23986,4,mpu9250,40.514 1.255 5.970
24026,4,mpu9250,40.369 0.847 5.906
24066,4,mpu9250,40.230 0.063 5.526
24106,4,mpu9250,38.974 0.846 2.746
24146,4,mpu9250,38.595 0.529 4.212
24186,4,mpu9250,38.221 0.903 4.675
24226,4,mpu9250,39.769 0.952 3.817
24266,4,mpu9250,40.725 1.067 6.802
24306,4,mpu9250,40.968 1.279 8.931
24346,4,mpu9250,41.132 0.953 6.341
24386,4,mpu9250,41.634 0.611 6.919
24426,4,mpu9250,41.879 0.950 6.868
24466,4,mpu9250,41.569 0.842 7.304
24506,4,mpu9250,40.866 1.609 5.552
24546,4,mpu9250,40.107 0.637 6.787
24586,4,mpu9250,39.700 0.847 8.329
24626,4,mpu9250,38.738 0.555 7.138
24666,4,mpu9250,39.161 0.720 7.153
24706,4,mpu9250,38.590 1.152 7.193
24746,4,mpu9250,38.548 1.513 7.320
24786,4,mpu9250,38.542 1.543 7.961
24826,4,mpu9250,38.600 1.291 7.589
24866,4,mpu9250,39.735 1.644 6.294
24906,4,mpu9250,40.331 0.788 7.665
24946,4,mpu9250,40.493 1.188 8.137
24986,4,mpu9250,41.152 1.176 7.983
25026,4,mpu9250,41.069 1.990 6.595
25066,4,mpu9250,40.624 2.146 6.947
25106,4,mpu9250,39.792 1.266 7.158
25146,4,mpu9250,39.440 1.463 6.324
25186,4,mpu9250,40.202 1.926 6.515
25226,4,mpu9250,39.924 0.920 7.388
25266,4,mpu9250,39.375 1.396 6.728
25306,4,mpu9250,40.632 1.286 6.078
25346,4,mpu9250,39.185 0.557 6.308
25386,4,mpu9250,38.812 2.086 5.930
25426,4,mpu9250,38.405 0.844 5.722
25466,4,mpu9250,38.450 -0.572 5.366
25506,4,mpu9250,39.143 -1.144 6.213
25546,4,mpu9250,39.382 -2.146 9.546
25586,4,mpu9250,39.341 -2.373 11.257
25626,4,mpu9250,39.142 -2.193 8.751
25666,4,mpu9250,38.649 -0.397 7.583
25706,4,mpu9250,37.179 1.605 6.318
25746,4,mpu9250,34.588 2.155 6.595
25786,4,mpu9250,32.962 0.265 6.288
25826,4,mpu9250,31.630 1.688 2.835
25866,4,mpu9250,30.543 0.741 3.359
25906,4,mpu9250,30.091 0.943 2.735
25946,4,mpu9250,32.126 1.807 3.460
25986,4,mpu9250,33.716 1.966 6.421
26026,4,mpu9250,34.945 1.686 7.268
26066,4,mpu9250,36.173 1.028 9.214
26106,4,mpu9250,35.966 0.774 9.367
26146,4,mpu9250,35.947 1.972 6.336
26186,4,mpu9250,36.479 3.323 6.470
26226,4,mpu9250,37.341 2.554 7.508
26266,4,mpu9250,39.092 3.037 7.665
26306,4,mpu9250,39.206 4.314 8.676
26346,4,mpu9250,40.744 3.360 10.017
26386,4,mpu9250,42.456 4.194 10.735
26426,4,mpu9250,43.518 5.525 10.178
26466,4,mpu9250,44.846 5.304 10.073
26506,4,mpu9250,45.639 5.587 10.771
26546,4,mpu9250,46.897 5.347 12.325
26586,4,mpu9250,47.499 5.466 11.501
26626,4,mpu9250,46.852 4.741 10.581
26666,4,mpu9250,47.093 3.072 9.398
26706,4,mpu9250,46.403 2.517 8.664
26746,4,mpu9250,46.234 1.836 8.549
26786,4,mpu9250,44.911 1.559 8.341
26826,4,mpu9250,44.822 3.876 9.036
26866,4,mpu9250,43.750 4.169 10.525
26906,4,mpu9250,43.837 4.563 11.158
26946,4,mpu9250,43.259 3.602 11.724
26986,4,mpu9250,42.142 3.582 9.963
27026,4,mpu9250,41.808 3.559 7.893
27066,4,mpu9250,40.267 4.042 8.688
27106,4,mpu9250,38.563 4.928 9.124
27146,4,mpu9250,39.235 6.121 8.215
27186,4,mpu9250,39.335 3.000 10.355
27226,4,mpu9250,38.785 6.220 13.094
27266,4,mpu9250,38.929 5.478 16.101
27306,4,mpu9250,38.320 7.913 14.512
27346,4,mpu9250,37.808 5.571 13.364
27386,4,mpu9250,36.378 7.338 12.853
27426,4,mpu9250,35.734 4.338 14.020
27466,4,mpu9250,34.513 3.791 13.307
27506,4,mpu9250,34.314 4.280 13.445
27546,4,mpu9250,35.254 2.162 13.915
27586,4,mpu9250,36.105 1.709 13.019
27626,4,mpu9250,36.975 1.322 14.714
27666,4,mpu9250,37.798 3.341 16.859
27706,4,mpu9250,38.911 1.615 18.146
27746,4,mpu9250,38.756 2.139 18.101
27786,4,mpu9250,37.767 3.696 16.308
27826,4,mpu9250,35.806 5.413 14.066
27866,4,mpu9250,33.786 3.951 13.152
27906,4,mpu9250,33.836 1.621 13.198
27946,4,mpu9250,33.797 1.973 14.587
27986,4,mpu9250,33.940 1.430 15.132
28026,4,mpu9250,35.548 1.139 16.716
28066,4,mpu9250,36.510 1.893 17.860
28106,4,mpu9250,36.124 2.446 18.366
28146,4,mpu9250,35.590 2.221 18.062
28186,4,mpu9250,34.049 3.197 16.680
28226,4,mpu9250,33.122 0.419 16.204
28266,4,mpu9250,33.940 0.931 15.041
28306,4,mpu9250,33.758 4.497 14.209
28346,4,mpu9250,33.784 5.625 15.628
28386,4,mpu9250,33.615 6.086 19.526
28426,4,mpu9250,34.069 4.568 19.682
28466,4,mpu9250,33.867 4.294 17.243
28506,4,mpu9250,31.455 5.963 16.268
28546,4,mpu9250,30.990 4.143 16.418
28586,4,mpu9250,31.542 5.400 14.517
28626,4,mpu9250,32.289 4.353 14.597
28666,4,mpu9250,33.240 2.885 16.025
28706,4,mpu9250,32.754 4.271 16.454
28746,4,mpu9250,31.434 3.582 16.417
28786,4,mpu9250,31.522 3.410 16.034
28826,4,mpu9250,32.444 3.623 16.792
28866,4,mpu9250,33.288 2.821 17.998
28906,4,mpu9250,33.888 4.146 18.180
28946,4,mpu9250,32.874 3.717 17.650
28986,4,mpu9250,29.748 3.473 16.750
29026,4,mpu9250,29.323 3.454 15.378
29066,4,mpu9250,30.878 2.138 16.735
29106,4,mpu9250,30.200 2.991 17.549
29146,4,mpu9250,29.247 2.227 16.661
29186,4,mpu9250,28.740 3.687 16.785
29226,4,mpu9250,29.494 3.237 17.421
29266,4,mpu9250,31.651 1.897 17.304
29306,4,mpu9250,32.105 2.958 17.170
29346,4,mpu9250,32.622 2.655 17.756
29386,4,mpu9250,32.281 2.525 17.371
29426,4,mpu9250,30.869 3.441 15.736
29466,4,mpu9250,30.440 3.162 16.837
29506,4,mpu9250,31.366 2.253 16.368
29546,4,mpu9250,32.551 2.395 15.720
29586,4,mpu9250,32.637 1.914 18.400
29626,4,mpu9250,31.036 3.250 16.889
29666,4,mpu9250,31.437 3.431 16.684
29706,4,mpu9250,32.114 2.042 16.480
29746,4,mpu9250,30.802 2.531 17.122
29786,4,mpu9250,29.788 1.902 15.388
29826,4,mpu9250,31.198 2.035 16.650
29866,4,mpu9250,31.278 2.958 17.336
29906,4,mpu9250,31.399 2.739 17.428
29946,4,mpu9250,31.495 3.036 15.920
29986,4,mpu9250,31.189 1.763 16.374
30026,4,mpu9250,30.904 0.935 18.025
30066,4,mpu9250,31.337 1.747 17.764
30106,4,mpu9250,30.654 2.291 16.402
30146,4,mpu9250,30.727 2.424 16.697
30186,4,mpu9250,31.065 2.183 16.812
30226,4,mpu9250,30.749 1.187 16.714
30266,4,mpu9250,28.317 1.453 16.493
30306,4,mpu9250,29.554 2.188 15.974
30346,4,mpu9250,30.138 2.002 16.405
30386,4,mpu9250,30.854 0.405 17.125
30426,4,mpu9250,29.865 1.483 17.584
30466,4,mpu9250,28.486 1.274 17.699
30506,4,mpu9250,29.329 0.603 17.823
30546,4,mpu9250,30.835 1.364 16.791
30586,4,mpu9250,28.856 2.057 16.453
30626,4,mpu9250,29.628 1.686 17.302
30666,4,mpu9250,28.743 0.898 17.239
30706,4,mpu9250,31.127 0.345 16.599
30746,4,mpu9250,29.109 0.646 16.933
30786,4,mpu9250,28.098 1.192 14.468
30826,4,mpu9250,29.502 1.527 15.750
30866,4,mpu9250,30.009 0.464 17.747
30906,4,mpu9250,31.383 0.251 16.432
30946,4,mpu9250,30.940 -0.222 17.459
30986,4,mpu9250,30.529 0.308 17.694
31026,4,mpu9250,30.696 1.160 16.218
31066,4,mpu9250,30.740 1.904 16.128
31106,4,mpu9250,29.407 -0.173 16.192
31146,4,mpu9250,30.531 -0.508 14.666
31186,4,mpu9250,29.755 -0.356 15.475
31226,4,mpu9250,28.425 1.442 16.525
31266,4,mpu9250,28.695 0.677 15.143
31306,4,mpu9250,28.158 0.700 15.027
31346,4,mpu9250,29.425 -0.160 14.358
31386,4,mpu9250,29.403 -0.833 14.324
31426,4,mpu9250,29.421 0.157 15.415
31466,4,mpu9250,29.834 -0.179 15.026
31506,4,mpu9250,29.260 -0.251 14.344
31546,4,mpu9250,30.648 0.466 15.099
31586,4,mpu9250,31.924 -0.494 15.454
31626,4,mpu9250,32.145 -0.294 15.052
31666,4,mpu9250,31.164 -1.298 14.327
31706,4,mpu9250,30.826 -2.430 12.156
31746,4,mpu9250,29.502 -1.074 12.029
31786,4,mpu9250,30.415 0.433 11.464
31826,4,mpu9250,30.050 -0.215 12.838
31866,4,mpu9250,30.291 0.860 14.551
31906,4,mpu9250,30.764 -1.081 14.774
31946,4,mpu9250,31.885 -1.194 13.671
31986,4,mpu9250,32.432 0.252 11.280
32026,4,mpu9250,32.423 -2.018 10.941
32066,4,mpu9250,32.390 -0.473 10.723
32106,4,mpu9250,31.861 1.813 13.443
32146,4,mpu9250,30.540 1.448 17.032
32186,4,mpu9250,31.130 0.306 19.888
32226,4,mpu9250,30.699 -1.273 17.458
32266,4,mpu9250,28.348 -3.598 14.709
32306,4,mpu9250,27.542 -5.761 17.032
32346,4,mpu9250,28.260 -2.557 17.582
32386,4,mpu9250,27.197 -0.021 18.704
32426,4,mpu9250,27.998 -1.610 21.789
32466,4,mpu9250,28.739 -1.852 19.004
32506,4,mpu9250,27.710 -2.806 17.927
32546,4,mpu9250,27.494 -3.030 18.202
32586,4,mpu9250,27.352 -2.255 17.301
32626,4,mpu9250,27.244 -3.221 15.499
32666,4,mpu9250,26.882 -2.966 16.542
32706,4,mpu9250,27.482 -3.148 16.565
32746,4,mpu9250,27.509 -4.065 16.343
32786,4,mpu9250,27.448 -3.276 17.441
32826,4,mpu9250,26.057 -2.365 16.360
32866,4,mpu9250,26.256 -3.074 17.867
32906,4,mpu9250,26.165 -1.838 18.384
32946,4,mpu9250,26.531 -2.859 16.934
32986,4,mpu9250,25.948 -3.203 15.776
33026,4,mpu9250,26.925 -3.742 16.550
33066,4,mpu9250,28.402 -2.450 16.139
33106,4,mpu9250,26.866 -2.658 15.739
33146,4,mpu9250,25.756 -4.076 14.708
33186,4,mpu9250,25.708 -2.936 13.518
33226,4,mpu9250,27.719 -3.388 14.601
33266,4,mpu9250,28.090 -2.236 16.376
33306,4,mpu9250,28.308 -2.777 16.742
33346,4,mpu9250,28.692 -2.330 13.823
33386,4,mpu9250,29.135 -2.594 14.924
33426,4,mpu9250,27.817 -2.963 15.808
33466,4,mpu9250,28.144 -2.724 14.663
33506,4,mpu9250,26.503 -2.436 15.245
33546,4,mpu9250,28.695 -2.851 15.142
33586,4,mpu9250,26.469 -3.113 16.537
33626,4,mpu9250,26.078 -2.839 20.524
33666,4,mpu9250,26.912 -3.869 23.026
33706,4,mpu9250,24.925 -2.576 20.859
33746,4,mpu9250,23.283 -2.598 20.896
33786,4,mpu9250,22.865 -2.212 25.548
33826,4,mpu9250,20.678 -2.000 28.186
33866,4,mpu9250,18.893 -1.358 28.758
33906,4,mpu9250,16.092 -1.651 33.057
33946,4,mpu9250,15.234 -3.139 42.592
33986,4,mpu9250,13.767 -1.255 46.545
34026,4,mpu9250,11.218 -0.739 48.880
34066,4,mpu9250,10.002 -0.600 52.335
34106,4,mpu9250,10.358 2.180 61.816
34146,4,mpu9250,11.556 5.546 69.018
34186,4,mpu9250,11.367 7.370 70.092
34226,4,mpu9250,11.396 5.317 72.357
34266,4,mpu9250,12.352 4.646 75.153
34306,4,mpu9250,12.595 4.351 78.668
34346,4,mpu9250,12.582 4.526 79.602
34386,4,mpu9250,12.452 6.486 79.414
34426,4,mpu9250,12.898 8.048 82.512
34466,4,mpu9250,13.041 8.460 85.293
34506,4,mpu9250,13.598 9.361 87.100
34546,4,mpu9250,14.355 9.842 88.945
34586,4,mpu9250,14.663 9.306 90.238
34626,4,mpu9250,15.105 9.076 90.681
34666,4,mpu9250,15.745 8.491 91.626
34706,4,mpu9250,16.673 8.954 92.770
34746,4,mpu9250,17.162 8.815 93.622
34786,4,mpu9250,18.260 8.485 95.000
34826,4,mpu9250,20.234 7.810 97.996
34866,4,mpu9250,22.200 9.012 100.506
34906,4,mpu9250,23.617 9.235 101.574
34946,4,mpu9250,24.940 9.098 102.645
34986,4,mpu9250,25.884 9.350 102.204
35026,4,mpu9250,26.716 10.327 102.779
35066,4,mpu9250,28.493 10.806 104.921
35106,4,mpu9250,29.482 10.394 106.797
35146,4,mpu9250,29.392 8.920 110.107
35186,4,mpu9250,28.709 8.165 112.498
35226,4,mpu9250,27.885 7.369 113.618
35266,4,mpu9250,26.756 5.833 114.610
35306,4,mpu9250,25.456 4.742 117.238
35346,4,mpu9250,24.355 4.497 120.315
35386,4,mpu9250,23.023 3.422 122.255
35426,4,mpu9250,21.889 3.086 122.382
35466,4,mpu9250,21.114 2.413 122.212
35506,4,mpu9250,19.888 0.536 122.477
35546,4,mpu9250,19.127 0.034 123.250
35586,4,mpu9250,18.700 -0.400 123.223
35626,4,mpu9250,18.204 -0.978 124.252
35666,4,mpu9250,18.012 -0.803 126.156
35706,4,mpu9250,18.149 -0.955 126.733
35746,4,mpu9250,18.484 -1.352 127.889
35786,4,mpu9250,18.588 -1.363 129.738
35826,4,mpu9250,19.058 -1.518 131.998
35866,4,mpu9250,19.539 -1.655 135.269
35906,4,mpu9250,19.827 -1.539 138.062
35946,4,mpu9250,20.417 -0.980 139.802
35986,4,mpu9250,20.687 -0.741 140.969
36026,4,mpu9250,21.089 -0.139 141.706
36066,4,mpu9250,21.822 -0.170 140.837
36106,4,mpu9250,22.173 -1.406 138.838
36146,4,mpu9250,22.557 -1.554 138.753
36186,4,mpu9250,23.043 -1.161 138.647
36226,4,mpu9250,23.311 -1.751 136.773
36266,4,mpu9250,23.524 -1.851 136.500
36306,4,mpu9250,24.143 -0.934 136.663
36346,4,mpu9250,25.442 -0.453 133.292
36386,4,mpu9250,27.058 -0.900 126.896
36426,4,mpu9250,28.995 -0.101 120.304
36466,4,mpu9250,30.156 0.496 113.284
36506,4,mpu9250,30.703 1.429 108.662
36546,4,mpu9250,30.909 1.658 105.392
36586,4,mpu9250,30.796 2.669 104.858
36626,4,mpu9250,30.187 3.716 103.147
36666,4,mpu9250,29.758 3.903 100.648
36706,4,mpu9250,29.739 4.173 98.185
36746,4,mpu9250,29.197 4.118 96.428
36786,4,mpu9250,28.066 3.579 96.086
36826,4,mpu9250,27.155 4.016 98.447
36866,4,mpu9250,26.365 4.874 100.326
36906,4,mpu9250,25.339 4.760 99.606
36946,4,mpu9250,24.665 5.035 97.526
36986,4,mpu9250,24.363 4.406 96.038
37026,4,mpu9250,24.036 4.770 96.098
37066,4,mpu9250,23.161 5.544 95.368
37106,4,mpu9250,23.004 6.159 94.926
37146,4,mpu9250,23.297 6.422 94.900
37186,4,mpu9250,24.007 5.137 93.842
37226,4,mpu9250,25.324 4.793 93.736
37266,4,mpu9250,25.676 4.148 94.406
37306,4,mpu9250,25.512 4.427 95.372
37346,4,mpu9250,25.113 4.267 95.788
37386,4,mpu9250,24.857 4.090 96.323
37426,4,mpu9250,25.132 3.583 96.223
37466,4,mpu9250,25.266 3.114 95.264
37506,4,mpu9250,25.325 4.045 95.190
37546,4,mpu9250,25.150 3.932 94.805
37586,4,mpu9250,24.867 3.465 94.548
37626,4,mpu9250,24.391 2.414 93.962
37666,4,mpu9250,24.108 2.486 93.714
37706,4,mpu9250,23.726 0.394 92.603
37746,4,mpu9250,23.902 -0.711 92.837
37786,4,mpu9250,23.882 -0.554 92.968
37826,4,mpu9250,23.765 -0.273 92.669
37866,4,mpu9250,24.090 -0.186 92.951
37906,4,mpu9250,23.893 2.816 92.414
37946,4,mpu9250,23.254 4.364 93.088
37986,4,mpu9250,22.172 6.041 93.065
38026,4,mpu9250,21.543 5.942 92.559
38066,4,mpu9250,21.512 4.978 92.454
38106,4,mpu9250,21.439 4.284 92.349
38146,4,mpu9250,21.133 4.269 91.652
38186,4,mpu9250,20.851 3.664 91.463
38226,4,mpu9250,21.140 3.556 90.892
38266,4,mpu9250,21.704 3.707 90.720
38306,4,mpu9250,22.094 2.734 90.522
38346,4,mpu9250,22.832 2.266 90.947
38386,4,mpu9250,23.541 2.950 90.956
38426,4,mpu9250,23.872 3.229 90.171
38466,4,mpu9250,24.655 3.593 89.287
38506,4,mpu9250,25.564 4.520 88.938
38546,4,mpu9250,26.170 3.233 87.691
38586,4,mpu9250,25.876 0.904 86.448
38626,4,mpu9250,24.969 -0.996 86.292
38666,4,mpu9250,24.508 0.611 87.566
38706,4,mpu9250,24.392 2.225 87.974
38746,4,mpu9250,24.984 2.818 87.333
38786,4,mpu9250,25.676 2.958 87.221
38826,4,mpu9250,26.601 2.333 87.110
38866,4,mpu9250,27.841 1.912 85.766
38906,4,mpu9250,28.944 0.088 84.122
38946,4,mpu9250,30.265 0.121 82.697
38986,4,mpu9250,30.700 1.123 81.284
39026,4,mpu9250,30.770 0.102 79.868
39066,4,mpu9250,31.577 0.937 79.287
39106,4,mpu9250,33.917 2.550 77.033
39146,4,mpu9250,36.799 6.048 72.903
39186,4,mpu9250,37.585 10.300 68.514
39226,4,mpu9250,38.003 8.827 69.649
39266,4,mpu9250,39.429 7.564 71.704
39306,4,mpu9250,40.347 6.305 71.905
39346,4,mpu9250,40.460 7.008 70.269
39386,4,mpu9250,40.923 7.419 68.985
39426,4,mpu9250,41.332 6.581 67.872
39466,4,mpu9250,41.574 6.208 66.588
39506,4,mpu9250,41.666 6.386 66.178
39546,4,mpu9250,41.813 5.679 66.183
39586,4,mpu9250,42.149 4.856 63.936
39626,4,mpu9250,41.995 4.647 61.476
39666,4,mpu9250,41.375 5.271 58.906
39706,4,mpu9250,41.210 4.753 56.840
39746,4,mpu9250,40.933 4.820 53.520
39786,4,mpu9250,40.526 6.412 48.844
39826,4,mpu9250,40.152 8.344 42.487
39866,4,mpu9250,39.874 7.994 37.710
39906,4,mpu9250,39.503 8.104 37.519
39946,4,mpu9250,39.050 8.879 38.555
39986,4,mpu9250,38.146 9.125 38.555
40026,4,mpu9250,37.785 10.654 35.446
40066,4,mpu9250,37.702 12.334 29.103
40106,4,mpu9250,37.936 10.844 26.715
40146,4,mpu9250,37.738 7.957 24.488
40186,4,mpu9250,36.428 4.436 24.685
40226,4,mpu9250,34.368 -0.568 26.499
40266,4,mpu9250,33.675 -3.524 25.721
40306,4,mpu9250,30.216 -4.054 30.451
40346,4,mpu9250,28.291 0.086 31.499
40386,4,mpu9250,28.246 1.699 30.072
40426,4,mpu9250,28.287 4.055 24.241
40466,4,mpu9250,27.124 2.695 23.239
40506,4,mpu9250,27.442 4.507 18.635
40546,4,mpu9250,28.055 5.573 17.045
40586,4,mpu9250,28.324 3.372 17.354
40626,4,mpu9250,30.720 1.794 17.660
40666,4,mpu9250,33.878 1.148 18.537
40706,4,mpu9250,35.903 3.412 17.739
40746,4,mpu9250,37.631 3.329 15.980
40786,4,mpu9250,39.048 2.876 15.398
40826,4,mpu9250,38.956 2.280 13.137
40866,4,mpu9250,40.249 1.886 12.056
40906,4,mpu9250,41.438 1.230 12.100
40946,4,mpu9250,42.201 2.740 10.388
40986,4,mpu9250,43.189 0.218 10.361
41026,4,mpu9250,44.200 0.823 11.920
41066,4,mpu9250,42.979 1.658 10.670
41106,4,mpu9250,43.979 3.217 9.958
41146,4,mpu9250,45.261 1.735 9.235
41186,4,mpu9250,44.726 1.063 8.461
41226,4,mpu9250,44.769 1.720 6.668
41266,4,mpu9250,44.408 1.448 5.337
41306,4,mpu9250,45.033 0.205 5.646
41346,4,mpu9250,45.998 0.026 7.478
41386,4,mpu9250,47.291 1.945 7.547
41426,4,mpu9250,47.308 0.672 7.630
41466,4,mpu9250,47.869 1.159 8.246
41506,4,mpu9250,48.108 1.549 6.791
41546,4,mpu9250,47.818 -0.619 3.931
41586,4,mpu9250,48.030 -0.161 2.843
41626,4,mpu9250,48.762 -0.473 3.094
41666,4,mpu9250,48.943 0.024 5.093
41706,4,mpu9250,49.094 1.212 5.001
41746,4,mpu9250,48.547 1.417 4.927
41786,4,mpu9250,48.729 0.410 4.807
41826,4,mpu9250,48.109 0.196 3.792
41866,4,mpu9250,47.186 0.303 2.314
41906,4,mpu9250,46.540 -1.064 2.683
41946,4,mpu9250,47.232 0.046 3.470
41986,4,mpu9250,46.794 -0.166 5.208
42026,4,mpu9250,47.418 0.298 4.180
42066,4,mpu9250,46.284 0.680 2.341
42106,4,mpu9250,46.884 0.258 1.947
42146,4,mpu9250,47.307 -0.114 3.108
42186,4,mpu9250,48.227 -0.373 2.412
42226,4,mpu9250,49.428 -0.302 1.503
42266,4,mpu9250,49.365 0.349 3.227
42306,4,mpu9250,48.516 1.265 2.500
42346,4,mpu9250,47.798 0.933 2.302
42386,4,mpu9250,46.697 0.512 3.060
42426,4,mpu9250,46.788 0.604 2.254
42466,4,mpu9250,46.972 0.069 2.221
42506,4,mpu9250,47.342 -0.547 1.784
42546,4,mpu9250,46.977 -0.283 1.636
42586,4,mpu9250,46.934 -0.743 2.715
42626,4,mpu9250,47.103 -0.232 3.638
42666,4,mpu9250,47.856 0.842 4.908
42706,4,mpu9250,47.516 2.139 5.854
42746,4,mpu9250,47.148 1.745 4.517
42786,4,mpu9250,47.010 1.372 2.492
42826,4,mpu9250,47.371 0.749 2.691
42866,4,mpu9250,48.517 0.245 3.989
42906,4,mpu9250,49.623 1.163 5.777
42946,4,mpu9250,49.087 0.699 7.275
42986,4,mpu9250,48.448 1.501 6.040
43026,4,mpu9250,48.302 2.108 5.124
43066,4,mpu9250,47.738 2.395 4.827
43106,4,mpu9250,48.490 1.676 5.484
43146,4,mpu9250,48.495 1.132 7.980
43186,4,mpu9250,49.452 1.199 7.651
43226,4,mpu9250,49.608 0.968 6.281
43266,4,mpu9250,48.721 1.710 6.956
43306,4,mpu9250,48.756 1.089 8.236
43346,4,mpu9250,49.198 0.989 7.418
43386,4,mpu9250,49.480 1.026 7.243
43426,4,mpu9250,48.571 0.289 7.561
43466,4,mpu9250,47.047 2.061 6.337
43506,4,mpu9250,45.167 1.301 6.385
43546,4,mpu9250,45.670 0.329 5.664
43586,4,mpu9250,45.281 -0.189 6.510
43626,4,mpu9250,46.367 0.127 7.157
43666,4,mpu9250,47.039 1.758 8.013
43706,4,mpu9250,46.548 0.443 9.154
43746,4,mpu9250,47.282 0.469 9.004
43786,4,mpu9250,47.079 1.399 8.931
43826,4,mpu9250,48.342 2.157 8.631
43866,4,mpu9250,47.933 0.833 8.206
43906,4,mpu9250,47.324 0.137 7.518
43946,4,mpu9250,46.757 0.956 8.211
43986,4,mpu9250,45.324 0.297 10.272
44026,4,mpu9250,45.853 1.080 9.341
44066,4,mpu9250,45.196 0.913 8.303
44106,4,mpu9250,44.977 0.390 7.585
44146,4,mpu9250,43.512 0.793 8.941
44186,4,mpu9250,43.576 1.963 10.507
44226,4,mpu9250,43.428 2.128 10.328
44266,4,mpu9250,42.586 1.664 10.487
44306,4,mpu9250,42.129 0.758 10.853
44346,4,mpu9250,42.771 0.796 11.322
44386,4,mpu9250,40.945 1.779 11.663
44426,4,mpu9250,41.003 3.665 10.695
44466,4,mpu9250,40.480 1.943 11.274
44506,4,mpu9250,40.944 0.792 11.274
44546,4,mpu9250,41.180 -0.194 11.923
44586,4,mpu9250,42.565 0.194 13.337
44626,4,mpu9250,44.247 0.554 13.964
44666,4,mpu9250,44.468 1.258 14.318
44706,4,mpu9250,43.648 1.455 12.673
44746,4,mpu9250,42.610 0.667 12.297
44786,4,mpu9250,42.631 0.783 11.630
44826,4,mpu9250,41.987 1.584 11.537
44866,4,mpu9250,40.932 0.965 12.915
44906,4,mpu9250,42.075 1.096 12.880
44946,4,mpu9250,42.628 1.676 11.923
44986,4,mpu9250,42.004 1.854 12.596
45026,4,mpu9250,39.799 0.716 13.269
45066,4,mpu9250,40.725 0.705 12.242
45106,4,mpu9250,43.276 -0.094 11.169
45146,4,mpu9250,42.082 -0.697 14.867
45186,4,mpu9250,42.503 1.919 15.923
45226,4,mpu9250,42.720 1.208 15.178
45266,4,mpu9250,42.091 1.108 13.808
45306,4,mpu9250,39.863 1.803 13.263
45346,4,mpu9250,39.488 2.480 11.551
45386,4,mpu9250,39.202 1.459 12.659
45426,4,mpu9250,39.941 1.753 12.525
45466,4,mpu9250,40.899 1.680 12.368
45506,4,mpu9250,40.758 0.111 13.037
45546,4,mpu9250,41.678 0.542 12.777
45586,4,mpu9250,42.220 1.919 12.899
45626,4,mpu9250,42.488 3.965 14.000
45666,4,mpu9250,42.777 3.753 15.289
45706,4,mpu9250,43.417 3.873 15.461
45746,4,mpu9250,42.981 1.217 13.663
45786,4,mpu9250,39.925 -0.157 11.892
45826,4,mpu9250,40.369 -0.211 14.136
45866,4,mpu9250,40.283 2.202 16.505
45906,4,mpu9250,42.356 3.940 14.654
45946,4,mpu9250,43.250 2.927 15.851
45986,4,mpu9250,43.798 2.199 16.726
46026,4,mpu9250,44.849 3.103 16.768
46066,4,mpu9250,45.207 4.580 18.955
46106,4,mpu9250,44.932 4.558 18.836
46146,4,mpu9250,44.901 4.191 17.094
46186,4,mpu9250,43.772 -0.269 16.298
46226,4,mpu9250,45.020 -1.256 15.205
46266,4,mpu9250,46.179 -0.762 16.778
46306,4,mpu9250,46.689 3.228 19.594
46346,4,mpu9250,46.583 4.600 21.744
46386,4,mpu9250,45.496 2.764 20.602
46426,4,mpu9250,44.332 0.576 18.940
46466,4,mpu9250,42.826 2.167 17.708
46506,4,mpu9250,41.677 3.369 16.786
46546,4,mpu9250,41.350 4.020 15.853
46586,4,mpu9250,41.340 5.077 17.662
46626,4,mpu9250,41.355 4.761 18.250
46666,4,mpu9250,41.263 3.967 18.491
46706,4,mpu9250,39.699 4.316 17.263
46746,4,mpu9250,40.364 3.553 19.170
46786,4,mpu9250,39.514 2.453 21.570
46826,4,mpu9250,38.639 4.481 22.119
46866,4,mpu9250,38.589 2.848 21.734
46906,4,mpu9250,35.930 3.372 20.985
46946,4,mpu9250,35.046 4.798 19.248
46986,4,mpu9250,36.283 3.270 18.721
47026,4,mpu9250,36.561 1.325 21.540
47066,4,mpu9250,37.507 1.807 22.165
47106,4,mpu9250,38.435 2.330 20.940
47146,4,mpu9250,38.945 0.495 20.535
47186,4,mpu9250,41.206 0.268 20.582
47226,4,mpu9250,43.492 -0.378 22.338
47266,4,mpu9250,43.249 -0.190 24.540
47306,4,mpu9250,43.233 1.108 23.987
47346,4,mpu9250,42.560 -0.056 22.514
47386,4,mpu9250,40.705 0.371 19.401
47426,4,mpu9250,38.694 1.571 17.913
47466,4,mpu9250,38.205 -0.081 19.471
47506,4,mpu9250,36.638 0.007 20.076
47546,4,mpu9250,37.480 1.896 20.809
47586,4,mpu9250,36.119 1.343 21.304
47626,4,mpu9250,35.802 0.935 19.095
47666,4,mpu9250,37.042 0.290 19.353
47706,4,mpu9250,37.898 -0.387 20.741
47746,4,mpu9250,39.570 -0.594 22.194
47786,4,mpu9250,41.288 -0.166 21.613
47826,4,mpu9250,39.271 1.461 20.910
47866,4,mpu9250,38.819 0.878 21.138
47906,4,mpu9250,36.198 0.609 21.489
47946,4,mpu9250,36.292 1.156 21.435
47986,4,mpu9250,37.416 -0.205 22.314
48026,4,mpu9250,35.876 0.436 20.394
48066,4,mpu9250,34.000 1.300 21.103
48106,4,mpu9250,34.540 -1.224 24.476
48146,4,mpu9250,36.135 3.236 23.595
48186,4,mpu9250,35.663 3.659 25.083
48226,4,mpu9250,37.459 3.853 23.978
48266,4,mpu9250,35.588 3.233 21.373
48306,4,mpu9250,36.258 0.070 22.887
48346,4,mpu9250,35.105 1.604 23.386
48386,4,mpu9250,32.894 2.144 21.607
48426,4,mpu9250,34.468 3.565 23.083
48466,4,mpu9250,35.843 3.118 24.679
48506,4,mpu9250,37.302 0.929 25.381
48546,4,mpu9250,38.366 0.965 24.922
48586,4,mpu9250,37.283 2.343 21.054
48626,4,mpu9250,34.428 1.046 22.755
48666,4,mpu9250,36.303 0.721 24.845
48706,4,mpu9250,36.617 0.585 24.388
48746,4,mpu9250,35.963 1.846 23.452
48786,4,mpu9250,36.890 0.821 25.071
48826,4,mpu9250,38.920 0.327 25.010
48866,4,mpu9250,38.387 -0.666 22.833
48906,4,mpu9250,36.795 -0.983 21.079
48946,4,mpu9250,34.474 0.998 20.391
48986,4,mpu9250,31.949 2.390 22.406
49026,4,mpu9250,31.107 5.267 21.969
49066,4,mpu9250,31.663 5.934 22.931
49106,4,mpu9250,32.502 5.570 25.605
49146,4,mpu9250,35.143 3.422 26.153
49186,4,mpu9250,36.668 -0.950 25.475
49226,4,mpu9250,37.888 -6.152 22.951
49266,4,mpu9250,39.254 -8.135 23.203
49306,4,mpu9250,39.016 -2.765 24.451
49346,4,mpu9250,38.836 2.232 24.036
49386,4,mpu9250,36.402 5.049 23.792
49426,4,mpu9250,34.573 4.240 24.832
49466,4,mpu9250,34.566 3.026 24.379
49506,4,mpu9250,34.994 -0.159 23.178
49546,4,mpu9250,35.247 -0.699 23.726
49586,4,mpu9250,33.312 2.834 23.064
49626,4,mpu9250,32.059 2.310 23.716
49666,4,mpu9250,32.675 1.255 25.494
49706,4,mpu9250,33.751 1.429 24.747
49746,4,mpu9250,33.489 0.665 23.123
49786,4,mpu9250,33.870 0.615 25.103
49826,4,mpu9250,34.191 1.435 25.744
49866,4,mpu9250,34.720 0.898 23.764
49906,4,mpu9250,34.169 0.848 23.159
49946,4,mpu9250,34.392 0.953 23.154
49986,4,mpu9250,34.796 1.603 22.351
50026,4,mpu9250,33.312 1.431 21.336
50066,4,mpu9250,33.809 -0.188 18.497
50106,4,mpu9250,34.582 -0.542 16.927
50146,4,mpu9250,33.465 -0.880 16.277
50186,4,mpu9250,35.741 0.393 15.931
50226,4,mpu9250,36.977 0.687 15.998
50266,4,mpu9250,36.855 0.102 16.693
50306,4,mpu9250,38.770 -0.849 15.132
50346,4,mpu9250,39.202 -1.054 13.137
50386,4,mpu9250,38.920 -0.697 11.759
50426,4,mpu9250,38.995 -1.297 11.680
50466,4,mpu9250,41.127 -1.456 10.882
50506,4,mpu9250,42.880 -1.204 8.332
50546,4,mpu9250,42.961 -1.751 6.343
50586,4,mpu9250,43.398 -3.296 5.394
50626,4,mpu9250,44.899 -4.118 4.613
50666,4,mpu9250,45.069 -3.348 3.371
50706,4,mpu9250,45.508 -2.005 1.362
50746,4,mpu9250,45.383 -2.407 2.064
50786,4,mpu9250,46.164 -3.434 0.563
50826,4,mpu9250,46.373 -4.177 -1.674
50866,4,mpu9250,46.419 -4.484 -3.854
50906,4,mpu9250,47.580 -4.587 -4.072
50946,4,mpu9250,48.379 -4.788 -4.297
50986,4,mpu9250,49.063 -4.203 -5.180
51026,4,mpu9250,49.234 -3.780 -4.904
51066,4,mpu9250,49.856 -4.141 -4.515
51106,4,mpu9250,50.253 -4.879 -4.381
51146,4,mpu9250,50.751 -5.189 -5.975
51186,4,mpu9250,50.600 -6.343 -7.129
51226,4,mpu9250,50.278 -6.321 -6.776
51266,4,mpu9250,50.602 -7.307 -6.359
51306,4,mpu9250,51.079 -7.160 -5.860
51346,4,mpu9250,51.368 -7.453 -6.622
51386,4,mpu9250,51.197 -7.982 -6.431
51426,4,mpu9250,51.316 -6.720 -6.891
51466,4,mpu9250,50.715 -6.935 -7.452
51506,4,mpu9250,50.530 -7.435 -6.949
51546,4,mpu9250,50.068 -7.921 -7.105
51586,4,mpu9250,50.179 -8.156 -7.477
51626,4,mpu9250,50.067 -8.625 -7.239
51666,4,mpu9250,50.504 -8.244 -7.108
51706,4,mpu9250,51.036 -7.957 -7.570
51746,4,mpu9250,51.500 -7.659 -8.414
51786,4,mpu9250,51.293 -7.787 -8.221
51826,4,mpu9250,48.808 -8.385 -7.622
51866,4,mpu9250,49.135 -7.508 -8.242
51906,4,mpu9250,48.986 -7.571 -7.781
51946,4,mpu9250,49.359 -7.498 -6.835
51986,4,mpu9250,50.096 -7.019 -7.530
52026,4,mpu9250,49.639 -7.603 -7.138
52066,4,mpu9250,50.069 -6.637 -7.803
52106,4,mpu9250,50.350 -6.624 -8.697
52146,4,mpu9250,50.114 -6.649 -8.529
52186,4,mpu9250,50.245 -6.508 -7.688
52226,4,mpu9250,50.811 -5.660 -8.234
52266,4,mpu9250,50.344 -6.137 -7.161
52306,4,mpu9250,50.444 -6.331 -6.871
52346,4,mpu9250,50.496 -6.118 -7.766
52386,4,mpu9250,50.705 -6.035 -7.583
52426,4,mpu9250,50.701 -5.329 -7.144
52466,4,mpu9250,50.761 -5.580 -7.422
52506,4,mpu9250,50.099 -6.473 -7.566
52546,4,mpu9250,49.833 -5.959 -7.488
52586,4,mpu9250,50.508 -5.080 -7.315
52626,4,mpu9250,49.884 -5.289 -6.572
52666,4,mpu9250,50.040 -5.013 -6.501
52706,4,mpu9250,49.937 -5.114 -6.051
52746,4,mpu9250,49.977 -4.249 -6.330
52786,4,mpu9250,49.631 -5.140 -5.379
52826,4,mpu9250,49.569 -6.794 -4.390
52866,4,mpu9250,50.219 -6.023 -5.105
52906,4,mpu9250,49.599 -6.515 -3.810
52946,4,mpu9250,48.475 -6.518 -1.963
52986,4,mpu9250,47.517 -5.494 -1.750
53026,4,mpu9250,46.301 -4.627 -1.611
53066,4,mpu9250,45.257 -4.944 -0.698
53106,4,mpu9250,45.371 -4.240 -0.075
53146,4,mpu9250,44.919 -4.668 1.678
53186,4,mpu9250,44.398 -5.188 1.572
53226,4,mpu9250,44.849 -5.433 1.165
53266,4,mpu9250,44.658 -5.394 0.876
53306,4,mpu9250,44.088 -5.833 -0.226
53346,4,mpu9250,43.090 -5.622 0.316
53386,4,mpu9250,43.090 -5.673 1.961
53426,4,mpu9250,42.762 -5.395 3.877
53466,4,mpu9250,42.770 -6.215 3.696
53506,4,mpu9250,40.689 -6.759 4.253
53546,4,mpu9250,40.416 -6.396 3.602
53586,4,mpu9250,40.458 -5.898 3.788
53626,4,mpu9250,39.544 -6.750 5.534
53666,4,mpu9250,39.094 -7.858 7.572
53706,4,mpu9250,38.780 -6.836 6.787
53746,4,mpu9250,38.796 -6.085 6.784
53786,4,mpu9250,38.451 -7.516 6.201
53826,4,mpu9250,37.210 -8.011 6.195
53866,4,mpu9250,38.382 -6.602 7.958
53906,4,mpu9250,38.369 -5.602 9.803
53946,4,mpu9250,37.873 -6.115 10.324
53986,4,mpu9250,38.208 -7.149 10.528
54026,4,mpu9250,37.498 -6.825 10.164
54066,4,mpu9250,36.194 -6.804 10.537
54106,4,mpu9250,35.099 -6.706 10.618
54146,4,mpu9250,33.662 -6.519 11.016
54186,4,mpu9250,32.634 -7.100 11.665
54226,4,mpu9250,33.131 -6.452 12.000
54266,4,mpu9250,32.361 -6.964 11.467
54306,4,mpu9250,32.798 -7.519 12.848
54346,4,mpu9250,32.852 -6.433 14.708
54386,4,mpu9250,32.506 -6.967 16.264
54426,4,mpu9250,32.654 -7.455 14.923
54466,4,mpu9250,33.264 -7.906 13.653
54506,4,mpu9250,34.439 -7.156 15.247
54546,4,mpu9250,33.274 -6.589 17.696
54586,4,mpu9250,33.236 -6.190 21.992
54626,4,mpu9250,32.932 -5.592 24.276
54666,4,mpu9250,31.018 -3.892 24.568
54706,4,mpu9250,28.108 -3.742 27.532
54746,4,mpu9250,24.817 -4.797 33.284
54786,4,mpu9250,22.370 -3.231 36.089
54826,4,mpu9250,20.074 -1.565 37.916
54866,4,mpu9250,17.594 1.132 39.734
54906,4,mpu9250,16.338 1.723 42.150
54946,4,mpu9250,15.492 5.060 51.074
54986,4,mpu9250,16.206 8.422 64.425
55026,4,mpu9250,19.214 10.444 76.272
55066,4,mpu9250,22.588 10.777 82.272
55106,4,mpu9250,22.894 8.509 82.862
55146,4,mpu9250,22.123 5.622 80.514
55186,4,mpu9250,21.949 5.586 81.038
55226,4,mpu9250,22.241 6.193 83.372
55266,4,mpu9250,20.968 10.768 84.867
55306,4,mpu9250,18.265 10.579 86.396
55346,4,mpu9250,15.863 11.702 86.527
55386,4,mpu9250,14.541 13.628 86.350
55426,4,mpu9250,14.183 12.371 88.862
55466,4,mpu9250,13.127 11.586 87.544
55506,4,mpu9250,12.022 8.376 85.734
55546,4,mpu9250,12.167 5.865 87.581
55586,4,mpu9250,12.478 5.343 89.199
55626,4,mpu9250,13.030 6.265 89.655
55666,4,mpu9250,13.021 7.705 90.127
55706,4,mpu9250,13.011 8.144 90.349
55746,4,mpu9250,13.759 7.759 89.853
55786,4,mpu9250,14.297 6.868 88.868
55826,4,mpu9250,13.746 5.483 88.631
55866,4,mpu9250,12.838 7.153 89.152
55906,4,mpu9250,11.400 8.177 88.899
55946,4,mpu9250,10.945 7.681 91.012
55986,4,mpu9250,11.177 5.833 92.314
56026,4,mpu9250,10.561 3.963 92.480
56066,4,mpu9250,9.716 3.837 93.080
56106,4,mpu9250,9.495 5.354 93.555
56146,4,mpu9250,9.071 4.763 92.970
56186,4,mpu9250,9.022 5.084 91.364
56226,4,mpu9250,9.445 6.046 91.209
56266,4,mpu9250,9.926 7.696 90.251
56306,4,mpu9250,10.407 9.191 90.226
56346,4,mpu9250,10.652 9.167 89.381
56386,4,mpu9250,11.240 9.471 89.829
56426,4,mpu9250,11.652 9.524 90.333
56466,4,mpu9250,11.888 10.389 90.873
56506,4,mpu9250,12.081 10.852 90.692
56546,4,mpu9250,11.821 10.602 90.846
56586,4,mpu9250,11.914 9.684 90.856
56626,4,mpu9250,12.219 8.767 89.962
56666,4,mpu9250,11.680 9.972 89.180
56706,4,mpu9250,11.025 10.304 88.211
56746,4,mpu9250,10.623 9.568 87.659
56786,4,mpu9250,10.520 9.561 88.279
56826,4,mpu9250,10.579 10.833 88.601
56866,4,mpu9250,10.704 10.544 88.383
56906,4,mpu9250,10.355 10.022 87.617
56946,4,mpu9250,10.185 9.879 88.225
56986,4,mpu9250,10.349 9.888 87.576
57026,4,mpu9250,10.457 9.749 87.598
57066,4,mpu9250,10.558 10.233 88.648
57106,4,mpu9250,10.492 10.537 88.658
57146,4,mpu9250,10.442 9.559 88.069
57186,4,mpu9250,10.630 8.477 87.151
57226,4,mpu9250,11.024 8.197 87.320
57266,4,mpu9250,11.439 8.879 88.507
57306,4,mpu9250,11.663 8.864 88.558
57346,4,mpu9250,11.843 9.011 88.103
57386,4,mpu9250,11.901 9.389 88.002
57426,4,mpu9250,12.177 10.060 87.927
57466,4,mpu9250,12.642 9.635 88.670
57506,4,mpu9250,12.768 9.428 89.350
57546,4,mpu9250,12.860 8.788 89.919
57586,4,mpu9250,13.085 7.158 90.199
57626,4,mpu9250,13.107 5.938 90.541
57666,4,mpu9250,13.520 5.588 91.542
57706,4,mpu9250,13.608 6.528 92.231
57746,4,mpu9250,13.675 6.531 92.861
57786,4,mpu9250,13.417 5.024 93.388
57826,4,mpu9250,13.485 4.516 92.627
57866,4,mpu9250,13.727 3.866 92.667
57906,4,mpu9250,13.970 4.775 92.632
57946,4,mpu9250,14.989 5.885 92.194
57986,4,mpu9250,16.406 5.494 92.279
58026,4,mpu9250,17.476 4.276 92.506
58066,4,mpu9250,17.377 4.425 92.401
58106,4,mpu9250,16.857 5.211 91.771
58146,4,mpu9250,16.794 4.107 90.540
58186,4,mpu9250,16.532 4.244 90.315
58226,4,mpu9250,16.172 5.420 90.636
58266,4,mpu9250,16.046 4.929 90.510
58306,4,mpu9250,15.340 4.330 90.646
58346,4,mpu9250,14.896 4.346 90.326
58386,4,mpu9250,14.730 4.116 89.684
58426,4,mpu9250,14.686 4.095 89.606
58466,4,mpu9250,14.883 3.980 89.660
58506,4,mpu9250,14.913 3.976 89.889
58546,4,mpu9250,14.954 4.182 89.780
58586,4,mpu9250,14.985 4.472 89.750
58626,4,mpu9250,14.973 4.226 90.334
58666,4,mpu9250,14.898 3.997 90.256
58706,4,mpu9250,14.948 4.162 90.421
58746,4,mpu9250,14.994 3.883 89.873
58786,4,mpu9250,15.070 3.430 89.779
58826,4,mpu9250,15.789 2.952 89.050
58866,4,mpu9250,17.154 2.337 88.027
58906,4,mpu9250,18.465 2.032 87.161
58946,4,mpu9250,19.509 2.386 86.644
58986,4,mpu9250,20.266 2.328 86.651
59026,4,mpu9250,20.969 1.711 86.862
59066,4,mpu9250,22.180 2.013 86.899
59106,4,mpu9250,23.460 2.966 86.432
59146,4,mpu9250,23.950 4.032 87.497
59186,4,mpu9250,25.598 4.267 88.926
59226,4,mpu9250,29.250 4.848 88.485
59266,4,mpu9250,32.780 5.591 87.389
59306,4,mpu9250,35.126 6.334 87.430
59346,4,mpu9250,37.048 6.942 88.037
59386,4,mpu9250,38.226 6.969 88.060
59426,4,mpu9250,38.349 6.003 88.696
59466,4,mpu9250,38.611 5.870 89.934
59506,4,mpu9250,39.092 6.653 89.255
59546,4,mpu9250,39.278 7.010 89.642
59586,4,mpu9250,39.964 7.044 90.422
59626,4,mpu9250,40.763 6.629 91.120
59666,4,mpu9250,41.280 7.021 91.885
59706,4,mpu9250,41.490 6.728 93.390
59746,4,mpu9250,41.722 7.218 94.165
59786,4,mpu9250,41.621 7.559 94.626
59826,4,mpu9250,41.541 7.175 92.890
59866,4,mpu9250,41.360 7.237 92.007
59906,4,mpu9250,41.131 5.878 91.111
59946,4,mpu9250,40.400 5.683 90.880
59986,4,mpu9250,40.094 5.926 90.969
60026,4,mpu9250,39.819 5.745 90.305
60066,4,mpu9250,39.267 5.574 90.042
60106,4,mpu9250,39.050 4.947 89.095
60146,4,mpu9250,39.169 4.391 88.275
60186,4,mpu9250,39.593 4.921 88.191
60226,4,mpu9250,41.186 5.156 88.173
60266,4,mpu9250,43.292 5.898 89.111
60306,4,mpu9250,43.249 6.512 91.859
60346,4,mpu9250,45.282 6.531 92.715
60386,4,mpu9250,46.702 6.988 93.187
60426,4,mpu9250,47.325 7.178 95.527
60466,4,mpu9250,47.894 6.419 97.420
60506,4,mpu9250,47.957 7.567 97.721
60546,4,mpu9250,47.158 6.588 97.084
